역번호,역사명,노선번호,노선명,환승역구분,역위도,역경도,운영기관명,역사도로명주소,역사전화번호,데이터기준일자
1804,부천역,I1101,경인선,일반역,37.484066,126.782779,한국철도공사,경기도 부천시 소사구 부천로 1,1588-7788,2025-04-08
4804,소사역,I1101,경인선,환승역,37.482755,126.795654,한국철도공사,경기도 부천시 소사구 경인로 363,1588-7788,2025-04-08
1805,송내역,I1101,경인선,일반역,37.487626,126.753045,한국철도공사,경기도 부천시 소사구 송내대로 43,1588-7788,2025-04-08
1803,역곡역,I1101,경인선,일반역,37.48514,126.811622,한국철도공사,경기도 부천시 원미구 역곡로 1(역곡동),1588-7788,2025-04-08
1822,중동역,I1101,경인선,일반역,37.486664,126.764474,한국철도공사,경기도 부천시 소사구 중동로 73,1588-7788,2025-04-08
319,지축,I1103,3호선,일반역,37.648281,126.912551,서울교통공사,경기도 고양시 덕양구 삼송로 300(지축동),02-6110-3191,2024-12-31
D019,광교(경기대),I11D1,신분당선,일반역,37.30173474,127.0448561,경기도 신분당선,경기도 수원시 영통구 대학로 55 신분당선 광교역,031)8018-7830,2025-03-25
D018,광교중앙(아주대),I11D1,신분당선,일반역,37.28773752,127.052625,경기도 신분당선,경기도 수원시 영통구 도청로 지하45,031)8018-7820,2025-03-25
D014,동천,I11D1,신분당선,일반역,37.33868413,127.1027937,경기도 신분당선,경기도 용인시 수지구 신수로 지하760,031)8018-7780,2025-03-25
D013,미금,I11D1,신분당선,환승역,37.35118332,127.1089028,경기도 신분당선,경기도 성남시 성남대로 지하 163 (금곡동),031)8018-7770,2025-03-25
D017,상현,I11D1,신분당선,일반역,37.29868526,127.0695799,경기도 신분당선,경기도 용인시 수지구 광교중앙로 지하312,031)8018-7810,2025-03-25
D016,성복,I11D1,신분당선,일반역,37.31404251,127.0807578,경기도 신분당선,경기도 용인시 수지구 수지로 지하134,031)8018-7800,2025-03-25
D015,수지구청,I11D1,신분당선,일반역,37.32300896,127.0955813,경기도 신분당선,경기도 용인시 수지구 풍덕천로 지하120 ,031)8018-7790,2025-03-25
D012,정자,I11D1,신분당선,환승역,37.36821019,127.1083859,경기도 신분당선,경기도 성남시 분당구 성남대로 지하 333 ,031)8018-7760,2025-03-25
D011,판교,I11D1,신분당선,환승역,37.39571475,127.1112107,경기도 신분당선,경기도 성남시 분당구 판교역로 지하 160,031)8018-7750,2025-03-25
1873,고색역,I28K1,수인선,일반역,37.248829,126.977899,한국철도공사,경기도 수원시 권선구 매송고색로 지하690(고색동),1588-7788,2025-04-08
1757,고잔역,I28K1,수인선,환승역,37.316821,126.823094,한국철도공사,경기도 안산시 단원구 중앙대로 784 ,1588-7788,2025-04-08
1760,능길역,I28K1,수인선,환승역,37.337488,126.767306,한국철도공사,경기도 안산시 단원구 황고개로 2,1588-7788,2025-04-08
1878,달월역,I28K1,수인선,일반역,37.379993,126.745431,한국철도공사,경기도 시흥시 서해안로 736번길 55(월곶동),1588-7788,2025-04-08
1877,사리역,I28K1,수인선,일반역,37.289982,126.856872,한국철도공사,경기도 안산시 상록구 충장로 103(사동),1588-7788,2025-04-08
1759,안산역,I28K1,수인선,환승역,37.327006,126.788748,한국철도공사,경기도 안산시 단원구 중앙대로 462,1588-7788,2025-04-08
1876,야목역,I28K1,수인선,일반역,37.261011,126.88429,한국철도공사,경기도 화성시 매송면 본오매송로 286(야목리),1588-7788,2025-04-08
1875,어천역,I28K1,수인선,일반역,37.250076,126.908805,한국철도공사,경기도 화성시 매송면 화성로 2227-5(어천리),1588-7788,2025-04-08
1874,오목천역,I28K1,수인선,일반역,37.243011,126.9636354,한국철도공사,경기도 수원시 권선구 삼천병마로 1576(오목천동),1588-7788,2025-04-08
1762,오이도역,I28K1,수인선,환승역,37.361773,126.738437,한국철도공사,경기도 시흥시 역전로 430,1588-7788,2025-04-08
1879,월곶역,I28K1,수인선,일반역,37.39189,126.742741,한국철도공사,경기도 시흥시 월곶중앙로 14번길 56,1588-7788,2025-04-08
1761,정왕역,I28K1,수인선,환승역,37.351816,126.742844,한국철도공사,경기도 시흥시 마유로 418길 15,1588-7788,2025-04-08
1756,중앙역,I28K1,수인선,환승역,37.316055,126.838532,한국철도공사,경기도 안산시 단원구 중앙대로 918,1588-7788,2025-04-08
1758,초지역,I28K1,수인선,환승역,37.320583,126.806151,한국철도공사,경기도 안산시 단원구 중앙대로 620,1588-7788,2025-04-08
1755,한대앞역,I28K1,수인선,환승역,37.309685,126.853656,한국철도공사,경기도 안산시 상록구 충장로 337,1588-7788,2025-04-08
1705,관악역,I4101,경부선,일반역,37.419578,126.908476,한국철도공사,경기도 안양시 만안구 경수대로 1273번길 46,1588-7788,2025-04-08
1750,광명역,I4101,경부선,일반역,37.415995,126.884523,한국철도공사,경기도 광명시 광명역로 21,1588-7788,2025-04-08
1709,군포역,I4101,경부선,일반역,37.353732,126.948517,한국철도공사,경기도 군포시 군포역1길 27,1588-7788,2025-04-08
1708,금정역,I4101,경부선,환승역,37.371957,126.943611,한국철도공사,경기도 군포시 군포로 750,1588-7788,2025-04-08
1729,당정역,I4101,경부선,일반역,37.34338,126.948388,한국철도공사,경기도 군포시 당정역로 91,1588-7788,2025-04-08
1707,명학역,I4101,경부선,일반역,37.384435,126.935579,한국철도공사,경기도 안양시 만안구 만안로 20,1588-7788,2025-04-08
1716,병점역,I4101,경부선,일반역,37.206821,127.033268,한국철도공사,경기도 화성시 떡전골로 97,1588-7788,2025-04-08
1749,서동탄역,I4101,경부선,일반역,37.195675,127.051893,한국철도공사,경기도 오산시 외삼미로 15번길 75-60,1588-7788,2025-04-08
1722,서정리역,I4101,경부선,일반역,37.056459,127.052844,한국철도공사,경기도 평택시 탄현로 51,1588-7788,2025-04-08
1704,석수역,I4101,경부선,일반역,37.435161,126.902233,한국철도공사,경기도 안양시 만안구 경수대로 1431,1588-7788,2025-04-08
1711,성균관대역,I4101,경부선,일반역,37.300344,126.970861,한국철도공사,경기도 수원시 장안구 서부로 2149,1588-7788,2025-04-08
1715,세류역,I4101,경부선,일반역,37.244102,127.013772,한국철도공사,경기도 수원시 권선구 정조로 393-1,1588-7788,2025-04-08
1717,세마역,I4101,경부선,일반역,37.187288,127.043279,한국철도공사,경기도 오산시 세마역로 88,1588-7788,2025-04-08
1721,송탄역,I4101,경부선,일반역,37.075376,127.054397,한국철도공사,경기도 평택시 신장동 송탄공원로 43,1588-7788,2025-04-08
1713,수원역,I4101,경부선,환승역,37.266162,126.999821,한국철도공사,경기도 수원시 팔달구 덕영대로 924,1588-7788,2025-04-08
1706,안양역,I4101,경부선,일반역,37.401929,126.922647,한국철도공사,경기도 안양시 만안구 만안로 232,1588-7788,2025-04-08
1718,오산대역,I4101,경부선,일반역,37.169401,127.063081,한국철도공사,경기도 오산시 청학로 236,1588-7788,2025-04-08
1719,오산역,I4101,경부선,일반역,37.145472,127.066708,한국철도공사,경기도 오산시 오산동 역광장로 59,1588-7788,2025-04-08
1710,의왕역,I4101,경부선,일반역,37.320648,126.948099,한국철도공사,경기도 의왕시 철도박물관로 66(삼동),1588-7788,2025-04-08
1720,진위역,I4101,경부선,일반역,37.109771,127.062342,한국철도공사,경기도 평택시 경기대로 1855,1588-7788,2025-04-08
1724,평택역,I4101,경부선,일반역,36.990559,127.085496,한국철도공사,경기도 평택시 평택로 51,1588-7788,2025-04-08
1723,평택지제역,I4101,경부선,일반역,37.018822,127.070269,한국철도공사,경기도 평택시 경기대로 777,1588-7788,2025-04-08
1712,화서역,I4101,경부선,일반역,37.28399,126.989581,한국철도공사,경기도 수원시 팔달구 덕영대로 692,1588-7788,2025-04-08
1907,가능역,I4102,경원선,일반역,37.748362,127.044251,한국철도공사,경기도 의정부시 평화로 633,1588-7788,2025-04-08
1908,녹양역,I4102,경원선,일반역,37.759416,127.042272,한국철도공사,경기도 의정부시 평화로 757(녹양동 973),1588-7788,2025-04-08
1910,덕계역,I4102,경원선,일반역,37.818761,127.056676,한국철도공사,경기도 양주시 고덕로 139번길 317,1588-7788,2025-04-08
1911,덕정역,I4102,경원선,일반역,37.843216,127.061511,한국철도공사,경기도 양주시 화합로 1356,1588-7788,2025-04-08
1915,동두천역,I4102,경원선,일반역,37.927569,127.054825,한국철도공사,경기도 동두천시 평화로 2687(동두천동 245-210),1588-7788,2025-04-08
1913,동두천중앙역,I4102,경원선,일반역,37.901818,127.056528,한국철도공사,경기도 동두천시 동두천로 228(생연동 682),1588-7788,2025-04-08
1904,망월사역,I4102,경원선,일반역,37.710499,127.047361,한국철도공사,경기도 의정부시 평화로 221,1588-7788,2025-04-08
1914,보산역,I4102,경원선,일반역,37.914268,127.057134,한국철도공사,경기도 동두천시 평화로 2539(보산동),1588-7788,2025-04-08
1916,소요산역,I4102,경원선,일반역,37.948608,127.061007,한국철도공사,경기도 동두천시 평화로 2925(상봉암동 126),1588-7788,2025-04-08
1909,양주역,I4102,경원선,일반역,37.774281,127.044719,한국철도공사,경기도 양주시 평화로 919(남방동 94-1),1588-7788,2025-04-08
1919,연천역,I4102,경원선,일반역,38.103244,127.074059,한국철도공사,경기도 연천군 연천읍 연천로 273-7(차탄리),1588-7788,2025-04-08
1906,의정부역,I4102,경원선,일반역,37.73873,127.045891,한국철도공사,경기도 의정부시 평화로 525,1588-7788,2025-04-08
1918,전곡역,I4102,경원선,일반역,38.025415,127.071113,한국철도공사,경기도 연천군 전곡읍 전곡역로 75(전곡리),1588-7788,2025-04-08
1912,지행역,I4102,경원선,일반역,37.892361,127.055734,한국철도공사,경기도 동두천시 평화로 2285(지행동),1588-7788,2025-04-08
1917,청산역,I4102,경원선,일반역,37.995138,127.074097,한국철도공사,경기도 연천군 청산면 초성리 170-1,1588-7788,2025-04-08
1905,회룡역,I4102,경원선,환승역,37.724037,127.047319,한국철도공사,경기도 의정부시 평화로 363,1588-7788,2025-04-08
1451,경마공원역,I4103,안산과천선,일반역,37.443987,127.007899,한국철도공사,경기도 과천시 경마공원대로 105,1588-7788,2025-04-08
1757,고잔역,I4103,안산과천선,환승역,37.316821,126.823094,한국철도공사,경기도 안산시 단원구 중앙대로 784,1588-7788,2025-04-08
1453,과천역,I4103,안산과천선,일반역,37.433205,126.996404,한국철도공사,경기도 과천시 별양로 지하 177,1588-7788,2025-04-08
1708,금정역,I4103,안산과천선,환승역,37.371957,126.943611,한국철도공사,경기도 군포시 군포로 750,1588-7788,2025-04-08
1760,능길역,I4103,안산과천선,환승역,37.337488,126.767306,한국철도공사,경기도 안산시 단원구 황고개로 2,1588-7788,2025-04-08
1452,대공원역,I4103,안산과천선,일반역,37.435724,127.006474,한국철도공사,경기도 과천시 대공원로 50,1588-7788,2025-04-08
1752,대야미역,I4103,안산과천선,일반역,37.328304,126.917161,한국철도공사,경기도 군포시 대야1로 28,1588-7788,2025-04-08
1753,반월역,I4103,안산과천선,일반역,37.312244,126.903684,한국철도공사,경기도 안산시 상록구 건건로 119-10,1588-7788,2025-04-08
1457,범계역,I4103,안산과천선,일반역,37.389783,126.950752,한국철도공사,경기도 안양시 동안구 동안로 지하 130,1588-7788,2025-04-08
1751,산본역,I4103,안산과천선,일반역,37.358019,126.932969,한국철도공사,경기도 군포시 번영로 504,1588-7788,2025-04-08
1754,상록수역,I4103,안산과천선,일반역,37.302845,126.866533,한국철도공사,경기도 안산시 상록구 상록수로 61,1588-7788,2025-04-08
1450,선바위역,I4103,안산과천선,일반역,37.451854,127.002164,한국철도공사,경기도 과천시 중앙로 440,1588-7788,2025-04-08
1763,수리산역,I4103,안산과천선,일반역,37.350297,126.925537,한국철도공사,경기도 군포시 번영로 385,1588-7788,2025-04-08
1759,안산역,I4103,안산과천선,환승역,37.327006,126.788748,한국철도공사,경기도 안산시 단원구 중앙대로 462,1588-7788,2025-04-08
1762,오이도역,I4103,안산과천선,환승역,37.361773,126.738437,한국철도공사,경기도 시흥시 역전로 430,1588-7788,2025-04-08
1455,인덕원역,I4103,안산과천선,일반역,37.401901,126.976818,한국철도공사,경기도 안양시 동안구 흥안대로 529,1588-7788,2025-04-08
1454,정부과천청사역,I4103,안산과천선,일반역,37.426445,126.989802,한국철도공사,경기도 과천시 중앙로 지하 100,1588-7788,2025-04-08
1761,정왕역,I4103,안산과천선,환승역,37.351816,126.742844,한국철도공사,경기도 시흥시 마유로 418길 15,1588-7788,2025-04-08
1756,중앙역,I4103,안산과천선,환승역,37.316055,126.838532,한국철도공사,경기도 안산시 단원구 중앙대로 918,1588-7788,2025-04-08
1758,초지역,I4103,안산과천선,환승역,37.320583,126.806151,한국철도공사,경기도 안산시 단원구 중앙대로 620,1588-7788,2025-04-08
1456,평촌역,I4103,안산과천선,일반역,37.394346,126.963881,한국철도공사,경기도 안양시 동안구 부림로 지하 123,1588-7788,2025-04-08
1755,한대앞역,I4103,안산과천선,환승역,37.309685,126.853656,한국철도공사,경기도 안산시 상록구 충장로 337,1588-7788,2025-04-08
408,별내별가람역,I4104,진접선,일반역,37.667833,127.116167,남양주도시공사,경기도 남양주시 별내3로 지하 345,02-6110-1901,2022-08-31
406,오남역,I4104,진접선,일반역,37.705556,127.192944,남양주도시공사,경기도 남양주시 오남읍 진건오남로 지하 929,02-6110-1921,2022-08-31
405,진접역,I4104,진접선,일반역,37.720472,127.203167,남양주도시공사,경기도 남양주시 진접읍 경복대로 지하 244,02-6110-1961,2022-08-31
1851,가천대역,I4105,분당선,일반역,37.448784,127.126677,한국철도공사,경기도 성남시 수정구 성남대로 1332,1588-7788,2025-04-08
1863,구성역,I4105,분당선,환승역,37.299013,127.105664,한국철도공사,경기도 용인시 기흥구 용구대로 2403,1588-7788,2025-04-08
1865,기흥역,I4105,분당선,환승역,37.275657,127.115944,한국철도공사,경기도 용인시 중부대로 460,1588-7788,2025-04-08
1869,망포역,I4105,분당선,일반역,37.245793,127.057367,한국철도공사,경기도 수원시 영통구 봉영로 지하 1520,1588-7788,2025-04-08
1872,매교역,I4105,분당선,일반역,37.265502,127.015657,한국철도공사,경기도 수원시 팔달구 효원로 126,1588-7788,2025-04-08
1870,매탄권선역,I4105,분당선,일반역,37.252458,127.040824,한국철도공사,경기도 수원시 영통구 권선로 841,1588-7788,2025-04-08
1853,모란역,I4105,분당선,환승역,37.432124,127.129064,한국철도공사,경기도 성남시 중원구 성남대로 지하 1147(성남동 1575),1588-7788,2025-04-08
1858,미금역,I4105,분당선,환승역,37.350078,127.108952,한국철도공사,경기도 성남시 수정구 성남대로 지하 156,1588-7788,2025-04-08
1861,보정역,I4105,분당선,일반역,37.31274,127.108219,한국철도공사,경기도 용인시 기흥구 용구대로 2560  ,,
1866,상갈역,I4105,분당선,일반역,37.261797,127.108718,한국철도공사,경기도 용인시 기흥구 금화로 지하 40,1588-7788,2025-04-08
1855,서현역,I4105,분당선,일반역,37.384931,127.123249,한국철도공사,경기도 성남시 분당구 성남대로 지하 601,1588-7788,2025-04-08
1856,수내역,I4105,분당선,일반역,37.378435,127.114216,한국철도공사,경기도 성남시 분당구 성남대로 지하 491(수내동),1588-7788,2025-04-08
1871,수원시청역,I4105,분당선,일반역,37.261941,127.030736,한국철도공사,경기도 수원시 권선구 효원로 270,1588-7788,2025-04-08
1846,수원역(분당),I4105,분당선,환승역,37.266162,126.999821,한국철도공사,경기도 수원시 팔달구 덕영대로 944,1588-7788,2025-04-08
1864,신갈역,I4105,분당선,일반역,37.286127,127.111311,한국철도공사,경기도 용인시 기흥구 기흥로 136,1588-7788,2025-04-08
1854,야탑역,I4105,분당선,일반역,37.41132,127.128661,한국철도공사,경기도 성남시 성남대로 지하 903(야탑동 688-1),1588-7788,2025-04-08
1868,영통역,I4105,분당선,일반역,37.251521,127.071341,한국철도공사,경기도 수원시 영통구 봉영로 지하 1560,1588-7788,2025-04-08
1859,오리역,I4105,분당선,일반역,37.339832,127.108985,한국철도공사,경기도 성남시 분당구 성남대로 지하 55(구미동 795),1588-7788,2025-04-08
1860,이매역,I4105,분당선,환승역,37.395846,127.128272,한국철도공사,경기도 성남시 성남대로 지하 738,1588-7788,2025-04-08
1857,정자역,I4105,분당선,환승역,37.366037,127.108091,한국철도공사,경기도 성남시 분당구 성남대로 지하 333(정자동),1588-7788,2025-04-08
1862,죽전역,I4105,분당선,일반역,37.324575,127.107385,한국철도공사,경기도 용인시 수지구 포은대로 530(죽전동 1014),1588-7788,2025-04-08
1867,청명역,I4105,분당선,일반역,37.259485,127.078945,한국철도공사,경기도 수원시 영통구 봉영로 지하 1670,1588-7788,2025-04-08
1852,태평역,I4105,분당선,일반역,37.439842,127.127746,한국철도공사,경기도 성남시 수정구 성남대로 지하 1229번지,1588-7788,2025-04-08
1953,대곡역,I4106,일산선,환승역,37.631629,126.811025,한국철도공사,경기도 고양시 덕양구 대주로 107번길 71-81(대장동 420-1),1588-7788,2025-04-08
1958,대화역,I4106,일산선,일반역,37.675883,126.747756,한국철도공사,경기도 고양시 일산서구 중앙로 1569(대화동 2221),1588-7788,2025-04-08
1955,마두역,I4106,일산선,일반역,37.652185,126.777641,한국철도공사,경기도 고양시 일산동구 중앙로 지하 1180(마두동),1588-7788,2025-04-08
1954,백석역,I4106,일산선,일반역,37.642973,126.788109,한국철도공사,경기도 고양시 일산동구 중앙로 1042,1588-7788,2025-04-08
1950,삼송역,I4106,일산선,일반역,37.653096,126.895559,한국철도공사,경기도 고양시 덕양구 삼송로 194,1588-7788,2025-04-08
1951,원당역,I4106,일산선,일반역,37.653103,126.842891,한국철도공사,경기도 고양시 덕양구 덕양대로 1429(성사1동 4100-7),1588-7788,2025-04-08
1948,원흥역,I4106,일산선,일반역,37.650709,126.873239,한국철도공사,"경기도 고양시 덕양구 권율대로 681 (원흥동, 원흥역) 원흥역",1588-7788,2025-04-08
1956,정발산역,I4106,일산선,일반역,37.659709,126.773254,한국철도공사,경기도 고양시 일산동구 마두 1동 1123(일산동구 중앙로 1270),1588-7788,2025-04-08
1957,주엽역,I4106,일산선,일반역,37.670138,126.761232,한국철도공사,경기도 고양시 일산서구 중앙로 1432(주엽동 166-7),1588-7788,2025-04-08
1949,지축역,I4106,일산선,일반역,37.648114,126.913746,한국철도공사,경기도 고양시 덕양구 삼송로 300(지축동),1544-7788,2024-12-31
1952,화정역,I4106,일산선,일반역,37.637837,126.832503,한국철도공사,경기도 고양시 덕양구 화정로 60 화정역,1588-7788,2025-04-08
1269,강매역,I4108,경의중앙선,일반역,37.612596,126.845437,한국철도공사,경기도 고양시 덕양구 소원로 202,1588-7788,2025-04-08
1272,곡산역,I4108,경의중앙선,환승역,37.645729,126.801877,한국철도공사,경기도 고양시 일산동구 경의로 160(백석동),1588-7788,2025-04-08
1205,구리역,I4108,경의중앙선,환승역,37.503178,126.882037,한국철도공사,경기도 구리시 건원대로 34번길 32-29(인창동 244-2),1588-7788,2025-04-08
1214,국수역,I4108,경의중앙선,일반역,37.516171,127.399402,한국철도공사,경기도 양평군 양서면 국수역길 45,1588-7788,2025-04-08
1279,금릉역,I4108,경의중앙선,일반역,37.751295,126.765401,한국철도공사,경기도 파주시 금릉역로85,1588-7788,2025-04-08
1280,금촌역,I4108,경의중앙선,일반역,37.766106,126.774515,한국철도공사,경기도 파주시 새꽃로 193,1588-7788,2025-04-08
1271,능곡역,I4108,경의중앙선,환승역,37.618741,126.820845,한국철도공사,경기도 고양시 덕양구 토당로 35(토당동 454-3),1588-7788,2025-04-08
1953,대곡역,I4108,경의중앙선,환승역,37.631629,126.811025,한국철도공사,경기도 고양시 덕양구 대주로 107번길 71-81(대장동 420-1),1588-7788,2025-04-08
1208,덕소역,I4108,경의중앙선,일반역,37.586892,127.208835,한국철도공사,경기도 남양주시 와부읍 덕서로 56(덕소리 590-17),1588-7788,2025-04-08
1206,도농역,I4108,경의중앙선,일반역,37.608756,127.161105,한국철도공사,경기도 남양주시 경춘로 433(도농동 56-1),1588-7788,2025-04-08
1209,도심역,I4108,경의중앙선,일반역,37.579628,127.222798,한국철도공사,경기도 남양주시 와부읍 덕소로 237(도곡리 1024-2),1588-7788,2025-04-08
1284,문산역,I4108,경의중앙선,일반역,37.854565,126.787531,한국철도공사,경기도 파주시 문산읍 문산역로 94,1588-7788,2025-04-08
1273,백마역,I4108,경의중앙선,환승역,37.658346,126.794401,한국철도공사,경기도 고양시 일산동구 경의로 318(풍동 482-8),1588-7788,2025-04-08
1213,신원역,I4108,경의중앙선,일반역,37.525921,127.372745,한국철도공사,경기도 양평군 양서면 신원역길 7  ,,
1215,아신역,I4108,경의중앙선,일반역,37.513954,127.443238,한국철도공사,경기도 양평군 옥천면 아신역길 1길 23-3,1588-7788,2025-04-08
1277,야당역,I4108,경의중앙선,일반역,37.712749,126.761535,한국철도공사,경기도 파주시 소리천로 10,1588-7788,2025-04-08
1212,양수역,I4108,경의중앙선,일반역,37.545998,127.328948,한국철도공사,경기도 양평군 양서면 목왕로 55-10,1588-7788,2025-04-08
1207,양정역,I4108,경의중앙선,일반역,37.604269,127.194602,한국철도공사,경기도 남양주시 경강로 237(이패동 398-32),1588-7788,2025-04-08
1217,양평역,I4108,경의중앙선,일반역,37.492674,127.491858,한국철도공사,경기도 양평군 양평읍 역전길 30,1588-7788,2025-04-08
1216,오빈역,I4108,경의중앙선,일반역,37.506061,127.474053,한국철도공사,경기도 양평군 양평읍 덕바위길 58,1588-7788,2025-04-08
1219,용문역,I4108,경의중앙선,일반역,37.482085,127.594251,한국철도공사,경기도 양평군 용문면 다문리 748-2,1588-7788,2025-04-08
1211,운길산역,I4108,경의중앙선,일반역,37.554659,127.310089,한국철도공사,경기도 남양주시 조안면 운길산로 20,1588-7788,2025-04-08
1278,운정역,I4108,경의중앙선,일반역,37.725441,126.767076,한국철도공사,경기도 파주시 운정역길 368(야당동 299-4번지),1588-7788,2025-04-08
1286,운천역,I4108,경의중앙선,일반역,37.880608,126.7676137,한국철도공사,경기도 파주시 문산읍 통일로2033번길3,1588-7788,2025-04-08
1218,원덕역,I4108,경의중앙선,일반역,37.468585,127.547468,한국철도공사,경기도 양평군 양평읍 원덕흑천길 138,1588-7788,2025-04-08
1282,월롱역,I4108,경의중앙선,일반역,37.796201,126.792574,한국철도공사,경기도 파주시 월롱면 통일로 980,1588-7788,2025-04-08
1275,일산역,I4108,경의중앙선,환승역,37.682231,126.769521,한국철도공사,경기도 고양시 일산서구 경의로 672,1588-7788,2025-04-08
1285,임진강역,I4108,경의중앙선,일반역,37.888364,126.746777,한국철도공사,경기도 파주시 문산읍 임진각로 115(문산읍),1588-7788,2025-04-08
1220,지평역,I4108,경의중앙선,일반역,37.476496,127.629681,한국철도공사,경기도 양평군 지평면 지평역길 32,1588-7788,2025-04-08
1276,탄현역,I4108,경의중앙선,일반역,37.694114,126.761075,한국철도공사,경기도 고양시 일산서구 경의로 856(덕이동),1588-7788,2025-04-08
1283,파주역,I4108,경의중앙선,일반역,37.815391,126.792426,한국철도공사,경기도 파주시 파주읍 주라위길 38,1588-7788,2025-04-08
1210,팔당역,I4108,경의중앙선,일반역,37.547321,127.243896,한국철도공사,경기도 남양주시 와부읍 팔당로 107번길,1588-7788,2025-04-08
1274,풍산역,I4108,경의중앙선,환승역,37.672173,126.786355,한국철도공사,경기도 고양시 일산동구 경의로 486(풍동),1588-7788,2025-04-08
1268,한국항공대,I4108,경의중앙선,일반역,37.637837,126.832503,한국철도공사,경기도 고양시 덕양구 화랑로 53(화전동 183-10),1588-7788,2025-04-08
1270,행신역,I4108,경의중앙선,일반역,37.612125,126.834063,한국철도공사,경기도 고양시 덕양구 행신동 충경로 124번지(행신2동 812),1588-7788,2025-04-08
1323,가평역,I41K2,경춘선,일반역,37.814515,127.510693,한국철도공사,경기도 가평군 가평읍 문화로 13-42(달전리 567),1588-7788,2025-04-08
1312,갈매역,I41K2,경춘선,일반역,37.634135,127.114803,한국철도공사,경기도 구리시 갈매동 경춘북로 229(갈매동 502-18),1588-7788,2025-04-08
1316,금곡역,I41K2,경춘선,일반역,37.637414,127.207931,한국철도공사,경기도 남양주시 경춘로 903(금곡동 404-276),1588-7788,2025-04-08
1320,대성리역,I41K2,경춘선,일반역,37.683909,127.379165,한국철도공사,경기도 가평군 청평면 경춘로 88(대성리 393),1588-7788,2025-04-08
1319,마석역,I41K2,경춘선,일반역,37.652328,127.311713,한국철도공사,경기도 남양주시 화도읍 마석우리 241-4,1588-7788,2025-04-08
1313,별내역,I41K2,경춘선,환승역,37.642221,127.127208,한국철도공사,경기도 남양주시 경춘북로 375(별내동 182-5),1588-7788,2025-04-08
1315,사릉역,I41K2,경춘선,일반역,37.651145,127.176839,한국철도공사,경기도 남양주시 진건읍 진건우회로 72-8(사능리 590-2),1588-7788,2025-04-08
1322,상천역,I41K2,경춘선,일반역,37.770405,127.4542,한국철도공사,경기도 가평군 청평면 상천역로 29(상천리 1261),1588-7788,2025-04-08
1318,천마산역,I41K2,경춘선,일반역,37.658995,127.285731,한국철도공사,경기도 남양주시 화도읍 묵현로 25번길 37,1588-7788,2025-04-08
1321,청평역,I41K2,경춘선,일반역,37.735484,127.426541,한국철도공사,경기도 가평군 청평면 청평역로 97-33(청평리 125-1),1588-7788,2025-04-08
1314,퇴계원역,I41K2,경춘선,일반역,37.648316,127.143858,한국철도공사,경기도 남양주시 퇴계원면 경춘북로 545(퇴계원리 218-8),1588-7788,2025-04-08
1317,평내호평역,I41K2,경춘선,일반역,37.653229,127.244452,한국철도공사,경기도 남양주시 경춘로 1375(평내동 156),1588-7788,2025-04-08
1504,경기광주역,I41K5,경강선,일반역,37.398974,127.253201,한국철도공사,경기도 광주시 광주역로 10 경기광주역사,1588-7788,2025-04-08
1506,곤지암역,I41K5,경강선,일반역,37.350525,127.346186,한국철도공사,경기도 광주시 곤지암천로 333,1588-7788,2025-04-08
1509,부발역,I41K5,경강선,일반역,37.260411,127.490303,한국철도공사,경기도 이천시 부발읍 신아로 87,1588-7788,2025-04-08
1503,삼동역,I41K5,경강선,일반역,37.408731,127.203447,한국철도공사,경기도 광주시 순암로 451,1588-7788,2025-04-08
1512,성남역,I41K5,경강선,환승역,37.394709,127.11949,한국철도공사,경기도 성남시 분당구 백현동 545-1,1588-7788,2025-04-08
1510,세종대왕릉역,I41K5,경강선,일반역,37.293636,127.570764,한국철도공사,경기도 여주시 능서면 양화로 877,1588-7788,2025-04-08
1507,신둔도예촌역,I41K5,경강선,일반역,37.315499,127.405251,한국철도공사,경기도 이천시 신둔면 남정로 55,1588-7788,2025-04-08
1511,여주역,I41K5,경강선,일반역,37.282881,127.628571,한국철도공사,경기도 여주시 교동로 80(교동 403-1),1588-7788,2025-04-08
1502,이매역,I41K5,경강선,환승역,37.394736,127.123048,한국철도공사,경기도 성남시 분당구 성남대로 738,1588-7788,2025-04-08
1508,이천역,I41K5,경강선,일반역,37.264222,127.442135,한국철도공사,경기도 이천시 이섭대천로 1063,1588-7788,2025-04-08
1505,초월역,I41K5,경강선,일반역,37.373389,127.299996,한국철도공사,경기도 광주시 초월읍 경충대로 1066,1588-7788,2025-04-08
1501,판교역,I41K5,경강선,환승역,37.394798,127.111135,한국철도공사,경기도 성남시 분당구 판교역로 160,1588-7788,2025-04-08
1272,곡산역,I41WS,서해선,환승역,37.645729,126.801877,한국철도공사,경기도 고양시 일산동구 경의로 160(백석동),1544-7788,2024-12-31
1271,능곡역,I41WS,서해선,환승역,37.618741,126.820845,한국철도공사,경기도 고양시 덕양구 토당로 35(토당동 454-3),1588-7788,2025-04-08
4811,달미역,I41WS,서해선,일반역,37.3493203,126.808218,한국철도공사,경기도 안산시 단원구 순환로 지하 160,1588-7788,2025-04-08
1953,대곡역,I41WS,서해선,환승역,37.631629,126.811025,한국철도공사,경기도 고양시 덕양구 대주로 107번길 71-81(대장동 420-1),1588-7788,2025-04-08
1273,백마역,I41WS,서해선,환승역,37.658346,126.794401,한국철도공사,경기도 고양시 일산동구 경의로 318(풍동 482-8),1544-7788,2024-12-31
1982,부천종합운동장역,I41WS,서해선,환승역,37.505452,126.797498,한국철도공사,경기도 부천시 길주로 지하 502,1588-7788,2025-04-08
4812,선부역,I41WS,서해선,일반역,37.3339083,126.810977,한국철도공사,경기도 안산시 단원구 선부광장로 34,1588-7788,2025-04-08
4804,소사역,I41WS,서해선,환승역,37.482755,126.795654,한국철도공사,경기도 부천시 소사구 경인로 363,1588-7788,2025-04-08
4805,소새울역,I41WS,서해선,일반역,37.4691546,126.797228,한국철도공사,경기도 부천시 소사로 지하 284,1588-7788,2025-04-08
4814,시우역,I41WS,서해선,일반역,37.3137673,126.798303,한국철도공사,경기도 안산시 단원구 동산로 지하 50,1588-7788,2025-04-08
4810,시흥능곡역,I41WS,서해선,일반역,37.3699903,126.808594,한국철도공사,경기도 시흥시 시흥대로 지하 327,1588-7788,2025-04-08
4806,시흥대야역,I41WS,서해선,일반역,37.4504787,126.793142,한국철도공사,경기도 부천시 소사로 지하 120,1588-7788,2025-04-08
4809,시흥시청역,I41WS,서해선,일반역,37.3814109,126.805946,한국철도공사,경기도 시흥시 시흥대로 지하 467,1588-7788,2025-04-08
4807,신천역,I41WS,서해선,일반역,37.4391147,126.786835,한국철도공사,경기도 시흥시 서해안로 지하 1670,1588-7788,2025-04-08
4808,신현역,I41WS,서해선,일반역,37.4091399,126.78788,한국철도공사,경기도 시승시 신현로 12번길 지하 2-10,1588-7788,2025-04-08
4815,원시역,I41WS,서해선,일반역,37.3059468,126.788297,한국철도공사,경기도 안산시 단원구 선단로 지하 70,1588-7788,2025-04-08
1981,원종역,I41WS,서해선,일반역,37.5240628,126.8048386,한국철도공사,경기도 부천시 원종동 404,1588-7788,2025-04-08
1275,일산역,I41WS,서해선,환승역,37.682231,126.769521,한국철도공사,경기도 고양시 일산서구 경의로 672,1544-7788,2024-12-31
4813,초지역,I41WS,서해선,환승역,37.320583,126.806151,한국철도공사,경기도 안산시 단원구 중앙대로 620,1588-7788,2025-04-08
1274,풍산역,I41WS,서해선,환승역,37.672173,126.786355,한국철도공사,경기도 고양시 일산동구 경의로 486(풍동),1544-7788,2024-12-31
Y111,강남대,L41E1,에버라인,일반역,37.27017073,127.1260669,경기도 용인경전철,경기도 용인시 기흥구 중부대로 578,031-329-3542,2025-03-25
Y121,고진,L41E1,에버라인,일반역,37.24463834,127.2141836,경기도 용인경전철,경기도 용인시 처인구 경안천로 141,031-329-3577,2025-03-25
Y110,기흥(백남준아트센터),L41E1,에버라인,환승역,37.27545288,127.1170465,경기도 용인경전철,경기도 용인시 기흥구 중부대로 460,031-329-3541,2025-03-25
Y119,김량장,L41E1,에버라인,일반역,37.23732377,127.1986109,경기도 용인경전철,경기도 용인시 처인구 금학로 315,031-329-3575,2025-03-25
Y114,동백(용인세브란스),L41E1,에버라인,일반역,37.26910138,127.1526906,경기도 용인경전철,경기도 용인시 기흥구 동백죽전대로 314,031-329-3545,2025-03-25
Y123,둔전,L41E1,에버라인,일반역,37.26721222,127.2136387,경기도 용인경전철,경기도 용인시 처인구 포곡읍 포곡로 70,031-329-3579,2025-03-25
Y118,명지대,L41E1,에버라인,일반역,37.23807629,127.1902913,경기도 용인경전철,경기도 용인시 처인구 금학로 241,031-329-3574,2025-03-25
Y122,보평,L41E1,에버라인,일반역,37.25896427,127.2184808,경기도 용인경전철,경기도 용인시 처인구 경안천로 313,031-329-3578,2025-03-25
Y116,삼가,L41E1,에버라인,일반역,37.24205993,127.16818,경기도 용인경전철,경기도 용인시 처인구 중부대로 1098,031-329-3547,2025-03-25
Y117,시청·용인대,L41E1,에버라인,일반역,37.23944203,127.1788851,경기도 용인경전철,경기도 용인시 처인구 중부대로 1199-1,031-329-3573,2025-03-25
Y113,어정,L41E1,에버라인,일반역,37.27495132,127.1437499,경기도 용인경전철,경기도 용인시 기흥구 어정로 128,031-329-3544,2025-03-25
Y120,용인중앙시장(용인예술과학대),L41E1,에버라인,일반역,37.2379113,127.2090526,경기도 용인경전철,경기도 용인시 처인구 금학로 409,031-329-3576,2025-03-25
Y124,전대·에버랜드,L41E1,에버라인,일반역,37.28541327,127.219509,경기도 용인경전철,경기도 용인시 처인구 포곡읍 에버랜드로 143,031-329-3580,2025-03-25
Y112,지석,L41E1,에버라인,일반역,37.26973732,127.1363256,경기도 용인경전철,경기도 용인시 기흥구 어정로 28,031-329-3543,2025-03-25
Y115,초당,L41E1,에버라인,일반역,37.26080647,127.1594692,경기도 용인경전철,경기도 용인시 기흥구 동백죽전대로 204,031-329-3546,2025-03-25
G105,걸포북변역,L41G1,김포도시철도,일반역,37.631639,126.70575,김포골드라인에스알에스㈜,경기도 김포시 김포대로 지하 1040,031-8048-1750,2024.12.18
G108,고촌역,L41G1,김포도시철도,일반역,37.60125,126.770361,김포골드라인에스알에스㈜,경기도 김포시 고촌읍 김포대로 지하 350,031-8048-1780,2024.12.18
G101,구래역,L41G1,김포도시철도,일반역,37.645354,126.6285,김포골드라인에스알에스㈜,경기도 김포시 김포한강7로 87,031-8048-1710,2024.12.18
G102,마산역,L41G1,김포도시철도,일반역,37.640606,126.643944,김포골드라인에스알에스㈜,경기도 김포시 김포한강3로 지하 442,031-8048-1720,2024.12.18
G106,사우역,L41G1,김포도시철도,일반역,37.620361,126.719722,김포골드라인에스알에스㈜,경기도 김포시 김포대로 지하 852,031-8048-1760,2024.12.18
G100,양촌역,L41G1,김포도시철도,일반역,37.641639,126.614694,김포골드라인에스알에스㈜,경기도 김포시 양촌읍 양촌역길 107,031-8048-1700,2024.12.18
G104,운양역,L41G1,김포도시철도,일반역,37.653861,126.683833,김포골드라인에스알에스㈜,경기도 김포시 김포한강1로 지하 235,031-8048-1740,2024.12.18
G103,장기역,L41G1,김포도시철도,일반역,37.644028,126.669,김포골드라인에스알에스㈜,경기도 김포시 김포한강1로 지하 59,031-8048-1730,2024.12.18
G107,풍무역,L41G1,김포도시철도,일반역,37.612333,126.732583,김포골드라인에스알에스㈜,경기도 김포시 김포대로 지하 710,031-8048-1770,2024.12.18
U120,경기도청북부청사,L41U1,의정부,일반역,37.75073213,127.0714795,의정부경량전철㈜,경기도 의정부시 장곡로 615,031-820-1000,2023-09-04
U113,경전철의정부,L41U1,의정부,일반역,37.73729974,127.043321,의정부경량전철㈜,경기도 의정부시 신흥로 237,031-820-1000,2023-09-04
U122,곤제,L41U1,의정부,일반역,37.75054343,127.0838651,의정부경량전철㈜,경기도 의정부시 천보로 173,031-820-1000,2023-09-04
U118,동오,L41U1,의정부,일반역,37.74519123,127.05703,의정부경량전철㈜,경기도 의정부시 장곡로 471,031-820-1000,2023-09-04
U110,발곡,L41U1,의정부,일반역,37.275361,127.008569,의정부경량전철㈜,경기도 의정부시 장곡로 258,031-820-1000,2023-09-04
U112,범골,L41U1,의정부,일반역,37.7287279,127.0437202,의정부경량전철㈜,경기도 의정부시 신흥로 141,031-820-1000,2023-09-04
U119,새말,L41U1,의정부,일반역,37.74889941,127.063869,의정부경량전철㈜,경기도 의정부시 장곡로 551,031-820-1000,2023-09-04
U124,송산,L41U1,의정부,일반역,37.7371698,127.0872755,의정부경량전철㈜,경기도 의정부시 충의로 59,031-820-1000,2023-09-04
U123,어룡,L41U1,의정부,일반역,37.74272184,127.0852045,의정부경량전철㈜,경기도 의정부시 충의로 125,031-820-1000,2023-09-04
U114,의정부시청,L41U1,의정부,일반역,37.73924874,127.034854,의정부경량전철㈜,경기도 의정부시 의정로 69,031-820-1000,2023-09-04
U117,의정부중앙,L41U1,의정부,일반역,37.74371903,127.0496332,의정부경량전철㈜,경기도 의정부시 호국로 1305,031-820-1000,2023-09-04
U125,탑석,L41U1,의정부,일반역,37.73355362,127.0889064,의정부경량전철㈜,경기도 의정부시 충의로 20,031-820-1000,2023-09-04
U111,회룡,L41U1,의정부,환승역,37.72505255,127.0467864,의정부경량전철㈜,경기도 의정부시 평화로 363,031-820-1000,2023-09-04
U121,효자,L41U1,의정부,일반역,37.75398452,127.0773155,의정부경량전철㈜,경기도 의정부시 부용로 159-40,031-820-1000,2023-09-04
U115,흥선,L41U1,의정부,일반역,37.74322487,127.0371765,의정부경량전철㈜,경기도 의정부시 호국로 1197,031-820-1000,2023-09-04
555,미사,S1105,5호선,일반역,37.56329,127.192954,서울교통공사,경기도 하남시 미사강변동로 지하90(망월동),02-6311-5621,2024-12-31
558,하남검단산,S1105,5호선,일반역,37.539729,127.223427,서울교통공사,경기도 하남시 대청로 지하100(창우동),02-6311-5651,2024-12-31
557,하남시청(덕풍?신장),S1105,5호선,일반역,37.541723,127.206901,서울교통공사,경기도 하남시 하남대로 지하820(덕풍동),02-6311-5641,2024-12-31
556,하남풍산,S1105,5호선,일반역,37.552201,127.203897,서울교통공사,경기도 하남시 덕풍서로 지하50(덕풍동),02-6311-5631,2024-12-31
748,광명사거리,S1107,7호선,일반역,37.47927,126.854854,서울교통공사,경기도 광명시 오리로 지하980(광명동),02-6311-7481,2024-12-31
709,장암,S1107,7호선,일반역,37.70015,127.053126,서울교통공사,경기도 의정부시 동일로 121(장암동),02-6311-7091,2024-12-31
747,철산,S1107,7호선,일반역,37.47616,126.868217,서울교통공사,경기도 광명시 철산로 지하13(철산동),02-6311-7471,2024-12-31
3753,까치울,S1107,도시철도 7호선,일반역,37.506236,126.81095,인천교통공사,경기도 부천시 원미구 길주로 지하 626 (춘의동),032-451-1303,2022-04-30
3757,부천시청,S1107,도시철도 7호선,일반역,37.504611,126.763561,인천교통공사,경기도 부천시 원미구 길주로 지하 202 (중동),032-451-1343,2022-04-30
3754,부천종합운동장,S1107,도시철도 7호선,일반역,37.505381,126.79735,인천교통공사,경기도 부천시 원미구 길주로 지하 502 (춘의동),032-451-1313,2022-04-30
3758,상동,S1107,도시철도 7호선,일반역,37.505769,126.753081,인천교통공사,경기도 부천시 원미구 길주로 지하 104 (상동),032-451-1353,2022-04-30
3756,신중동,S1107,도시철도 7호선,일반역,37.503081,126.776161,인천교통공사,경기도 부천시 원미구 길주로 지하 314 (중동),032-451-1333,2022-04-30
3755,춘의,S1107,도시철도 7호선,일반역,37.50365,126.787069,인천교통공사,경기도 부천시 원미구 길주로 지하 406 (춘의동),032-451-1323,2022-04-30
821,남위례,S1108,8호선,일반역,37.462839,127.139047,서울교통공사,경기도 성남시 수정구 공원로 601(복정동),02-6311-8211,2024-12-31
823,남한산성입구(성남법원·검찰청),S1108,8호선,일반역,37.451568,127.159845,서울교통공사,경기도 성남시 수정구 산성대로 지하445(단대동),02-6311-8231,2024-12-31
824,단대오거리,S1108,8호선,일반역,37.445057,127.156735,서울교통공사,경기도 성남시 수정구 산성대로 지하365(신흥동),02-6311-8241,2024-12-31
827,모란,S1108,8호선,환승역,37.433888,127.129921,서울교통공사,경기도 성남시 수정구 산성대로 지하100(수진동),02-6311-8271,2024-12-31
822,산성,S1108,8호선,일반역,37.456886,127.149927,서울교통공사,경기도 성남시 수정구 수정로 지하365(신흥동),02-6311-8221,2024-12-31
826,수진,S1108,8호선,일반역,37.437575,127.140936,서울교통공사,경기도 성남시 수정구 산성대로 지하200(수진동),02-6311-8261,2024-12-31
825,신흥,S1108,8호선,일반역,37.440952,127.14759,서울교통공사,경기도 성남시 수정구 산성대로 지하280(신흥동),02-6311-8251,2024-12-31
805,다산역,S4108,수도권 광역철도 8호선,일반역,37.62437,127.1498,남양주도시공사,경기도 남양주 다산중앙로 123번길(다산동),02-6311-8051,2024-09-12
804,별내역,S4108,수도권 광역철도 8호선,환승역,37.64217,127.1273,남양주도시공사,경기도 남양주시 경춘북로 375(별내동),02-6311-8041,2024-09-12
